{
  "images" : [
    {
      "idiom" : "iphone",
      "scale" : "1x"
    },
    {
      "idiom" : "iphone",
      "scale" : "2x",
      "filename" : "LeftMenuBackground640x960.png"
    },
    {
      "idiom" : "iphone",
      "filename" : "LeftMenuBackground@2x.png",
      "subtype" : "retina4",
      "scale" : "2x"
    },
    {
      "idiom" : "iphone",
      "scale" : "3x",
      "filename" : "LeftMenuBackground960x1704.png"
    },
    {
      "idiom" : "ipad",
      "scale" : "1x",
      "filename" : "1024 (1).png"
    },
    {
      "idiom" : "ipad",
      "scale" : "2x",
      "filename" : "2048 (1).png"
    }
  ],
  "info" : {
    "version" : 1,
    "author" : "xcode"
  }
}